frequency,raw
20.000000,-4.693105
20.067606,-4.698352
20.135440,-4.703601
20.203503,-4.708851
20.271796,-4.714103
20.340321,-4.719355
20.409076,-4.724609
20.478065,-4.729863
20.547286,-4.735120
20.616742,-4.740376
20.686432,-4.745635
20.756358,-4.750894
20.826520,-4.756156
20.896919,-4.761418
20.967557,-4.766680
21.038433,-4.771944
21.109549,-4.777211
21.180905,-4.782477
21.252502,-4.787746
21.324341,-4.793016
21.396423,-4.798287
21.468749,-4.803559
21.541319,-4.808832
21.614135,-4.814107
21.687197,-4.819383
21.760505,-4.824660
21.834062,-4.829939
21.907867,-4.835218
21.981922,-4.840499
22.056227,-4.845781
22.130783,-4.851065
22.205591,-4.856350
22.280652,-4.861636
22.355967,-4.866924
22.431536,-4.872213
22.507361,-4.877503
22.583442,-4.882795
22.659780,-4.888088
22.736376,-4.893383
22.813232,-4.898678
22.890347,-4.903975
22.967722,-4.909273
23.045360,-4.914573
23.123259,-4.919874
23.201422,-4.925176
23.279849,-4.930480
23.358542,-4.935785
23.437500,-4.941092
23.516725,-4.946400
23.596218,-4.951709
23.675980,-4.957020
23.756011,-4.962332
23.836313,-4.967646
23.916886,-4.972961
23.997732,-4.978277
24.078851,-4.983595
24.160244,-4.988914
24.241912,-4.994234
24.323857,-4.999556
24.406078,-5.004879
24.488577,-5.010205
24.571356,-5.015531
24.654414,-5.020858
24.737752,-5.026188
24.821373,-5.031518
24.905276,-5.036851
24.989462,-5.042185
25.073934,-5.046362
25.158690,-5.050376
25.243734,-5.054389
25.329065,-5.058405
25.414684,-5.062423
25.500592,-5.066442
25.586791,-5.070463
25.673282,-5.074484
25.760065,-5.078507
25.847141,-5.082531
25.934511,-5.086558
26.022177,-5.090585
26.110139,-5.094614
26.198399,-5.098644
26.286956,-5.102676
26.375813,-5.106709
26.464971,-5.110743
26.554430,-5.114778
26.644191,-5.118816
26.734256,-5.122855
26.824625,-5.126895
26.915300,-5.130936
27.006281,-5.134980
27.097569,-5.139024
27.189167,-5.143071
27.281074,-5.147118
27.373291,-5.151168
27.465820,-5.155218
27.558662,-5.159270
27.651818,-5.163324
27.745289,-5.167378
27.839076,-5.171434
27.933179,-5.175493
28.027601,-5.179552
28.122342,-5.183613
28.217404,-5.187675
28.312786,-5.191740
28.408491,-5.195805
28.504520,-5.199872
28.600873,-5.203941
28.697552,-5.208011
28.794557,-5.212083
28.891891,-5.216156
28.989553,-5.220231
29.087546,-5.224307
29.185870,-5.228384
29.284526,-5.232464
29.383516,-5.236545
29.482840,-5.240628
29.582501,-5.244711
29.682498,-5.248798
29.782833,-5.252884
29.883507,-5.256974
29.984521,-5.261064
30.085877,-5.265157
30.187576,-5.269250
30.289618,-5.273346
30.392005,-5.277442
30.494739,-5.281540
30.597819,-5.285640
30.701248,-5.289742
30.805027,-5.293845
30.909156,-5.297951
31.013638,-5.302057
31.118473,-5.306166
31.223662,-5.310275
31.329206,-5.314388
31.435107,-5.318501
31.541367,-5.321989
31.647985,-5.324495
31.754964,-5.327002
31.862305,-5.329510
31.970008,-5.332020
32.078076,-5.334531
32.186508,-5.337045
32.295308,-5.339559
32.404475,-5.342076
32.514011,-5.344593
32.623917,-5.347112
32.734195,-5.349633
32.844845,-5.352155
32.955870,-5.354678
33.067270,-5.357204
33.179046,-5.359730
33.291201,-5.362259
33.403734,-5.364788
33.516648,-5.367319
33.629943,-5.369852
33.743622,-5.372386
33.857685,-5.374922
33.972133,-5.377460
34.086968,-5.379999
34.202191,-5.382540
34.317804,-5.385081
34.433808,-5.387625
34.550204,-5.390170
34.666993,-5.392717
34.784177,-5.395266
34.901757,-5.397816
35.019734,-5.400368
35.138111,-5.402920
35.256887,-5.405475
35.376065,-5.408032
35.495646,-5.410589
35.615631,-5.413149
35.736022,-5.415710
35.856819,-5.418273
35.978025,-5.420838
36.099641,-5.423404
36.221668,-5.425971
36.344107,-5.428541
36.466960,-5.431111
36.590228,-5.433685
36.713913,-5.436258
36.838017,-5.438834
36.962539,-5.441411
37.087483,-5.443991
37.212849,-5.446571
37.338638,-5.449154
37.464853,-5.451738
37.591495,-5.454324
37.718564,-5.456912
37.846064,-5.459501
37.973994,-5.462092
38.102356,-5.464685
38.231153,-5.467279
38.360384,-5.469875
38.490053,-5.472472
38.620160,-5.475072
38.750707,-5.477673
38.881695,-5.480276
39.013126,-5.482880
39.145001,-5.485487
39.277322,-5.488095
39.410090,-5.490705
39.543307,-5.493316
39.676974,-5.495930
39.811093,-5.498545
39.945666,-5.501162
40.080693,-5.502950
40.216177,-5.504182
40.352119,-5.505413
40.488520,-5.506648
40.625382,-5.507884
40.762707,-5.509121
40.900496,-5.510360
41.038751,-5.511601
41.177474,-5.512843
41.316665,-5.514087
41.456327,-5.515331
41.596460,-5.516579
41.737068,-5.517827
41.878151,-5.519077
42.019710,-5.520329
42.161748,-5.521582
42.304267,-5.522836
42.447267,-5.524093
42.590750,-5.525351
42.734719,-5.526610
42.879174,-5.527872
43.024117,-5.529135
43.169551,-5.530399
43.315476,-5.531665
43.461894,-5.532933
43.608807,-5.534203
43.756217,-5.535474
43.904125,-5.536747
44.052533,-5.538021
44.201443,-5.539297
44.350856,-5.540574
44.500774,-5.541853
44.651199,-5.543134
44.802132,-5.544418
44.953576,-5.545701
45.105531,-5.546988
45.258000,-5.548276
45.410985,-5.549565
45.564486,-5.550857
45.718507,-5.552149
45.873048,-5.553444
46.028111,-5.554740
46.183699,-5.556038
46.339813,-5.557338
46.496454,-5.558639
46.653625,-5.559942
46.811327,-5.561247
46.969562,-5.562554
47.128332,-5.563862
47.287639,-5.565172
47.447484,-5.566484
47.607870,-5.567797
47.768798,-5.569113
47.930269,-5.570430
48.092287,-5.571749
48.254852,-5.573069
48.417967,-5.574392
48.581633,-5.575716
48.745852,-5.577042
48.910626,-5.578369
49.075958,-5.579699
49.241848,-5.581030
49.408299,-5.582363
49.575313,-5.583698
49.742891,-5.585035
49.911036,-5.586373
50.079749,-5.587136
50.249032,-5.587253
50.418888,-5.587373
50.589317,-5.587494
50.760323,-5.587617
50.931907,-5.587740
51.104071,-5.587866
51.276817,-5.587993
51.450146,-5.588122
51.624062,-5.588252
51.798566,-5.588385
51.973659,-5.588518
52.149344,-5.588654
52.325623,-5.588791
52.502499,-5.588930
52.679971,-5.589069
52.858044,-5.589212
53.036719,-5.589355
53.215998,-5.589501
53.395882,-5.589647
53.576375,-5.589795
53.757478,-5.589945
53.939193,-5.590097
54.121523,-5.590250
54.304468,-5.590406
54.488032,-5.590562
54.672217,-5.590721
54.857024,-5.590881
55.042456,-5.591043
55.228514,-5.591206
55.415202,-5.591372
55.602521,-5.591539
55.790473,-5.591707
55.979060,-5.591877
56.168284,-5.592049
56.358149,-5.592222
56.548655,-5.592398
56.739805,-5.592575
56.931601,-5.592754
57.124045,-5.592935
57.317140,-5.593117
57.510888,-5.593301
57.705291,-5.593487
57.900350,-5.593674
58.096070,-5.593864
58.292450,-5.594055
58.489495,-5.594248
58.687205,-5.594442
58.885584,-5.594638
59.084634,-5.594836
59.284356,-5.595036
59.484754,-5.595238
59.685829,-5.595441
59.887583,-5.595646
60.090020,-5.595854
60.293140,-5.596062
60.496948,-5.596273
60.701444,-5.596485
60.906632,-5.596700
61.112513,-5.596916
61.319090,-5.597134
61.526365,-5.597352
61.734342,-5.597575
61.943021,-5.597797
62.152405,-5.598023
62.362497,-5.598249
62.573300,-5.598479
62.784815,-5.598709
62.997045,-5.598942
63.209992,-5.597702
63.423659,-5.596443
63.638049,-5.595186
63.853163,-5.593931
64.069004,-5.592677
64.285575,-5.591425
64.502878,-5.590173
64.720915,-5.588924
64.939690,-5.587677
65.159204,-5.586431
65.379460,-5.585187
65.600461,-5.583945
65.822208,-5.582704
66.044705,-5.581465
66.267955,-5.580227
66.491959,-5.578992
66.716720,-5.577757
66.942241,-5.576525
67.168524,-5.575294
67.395572,-5.574065
67.623388,-5.572837
67.851973,-5.571611
68.081332,-5.570387
68.311465,-5.569165
68.542377,-5.567944
68.774069,-5.566726
69.006544,-5.565508
69.239805,-5.564293
69.473855,-5.563079
69.708696,-5.561867
69.944330,-5.560656
70.180761,-5.559448
70.417992,-5.558241
70.656024,-5.557037
70.894861,-5.555832
71.134505,-5.554631
71.374959,-5.553430
71.616226,-5.552233
71.858309,-5.551036
72.101210,-5.549842
72.344932,-5.548649
72.589477,-5.547458
72.834850,-5.546268
73.081052,-5.545081
73.328086,-5.543895
73.575955,-5.542711
73.824662,-5.541529
74.074209,-5.540349
74.324601,-5.539169
74.575838,-5.537993
74.827925,-5.536818
75.080864,-5.535645
75.334658,-5.534473
75.589310,-5.533304
75.844823,-5.532136
76.101199,-5.530971
76.358442,-5.529806
76.616555,-5.528645
76.875540,-5.527484
77.135400,-5.526326
77.396139,-5.525169
77.657759,-5.524014
77.920264,-5.522860
78.183656,-5.521710
78.447938,-5.520560
78.713114,-5.519413
78.979186,-5.518267
79.246157,-5.517124
79.514031,-5.515982
79.782811,-5.514843
80.052498,-5.513456
80.323098,-5.511039
80.594612,-5.508623
80.867044,-5.506210
81.140397,-5.503798
81.414674,-5.501388
81.689878,-5.498978
81.966012,-5.496572
82.243080,-5.494167
82.521084,-5.491764
82.800028,-5.489362
83.079915,-5.486963
83.360748,-5.484564
83.642530,-5.482168
83.925265,-5.479773
84.208956,-5.477381
84.493605,-5.474990
84.779217,-5.472601
85.065794,-5.470213
85.353340,-5.467827
85.641857,-5.465443
85.931350,-5.463061
86.221822,-5.460680
86.513276,-5.458302
86.805714,-5.455925
87.099142,-5.453550
87.393561,-5.451177
87.688975,-5.448805
87.985388,-5.446436
88.282803,-5.444068
88.581223,-5.441702
88.880652,-5.439338
89.181093,-5.436976
89.482550,-5.434615
89.785025,-5.432256
90.088523,-5.429899
90.393047,-5.427544
90.698601,-5.425191
91.005187,-5.422841
91.312810,-5.420491
91.621472,-5.418144
91.931178,-5.415798
92.241930,-5.413454
92.553734,-5.411112
92.866591,-5.408772
93.180505,-5.406434
93.495481,-5.404098
93.811522,-5.401763
94.128630,-5.399430
94.446811,-5.397100
94.766067,-5.394771
95.086403,-5.392444
95.407821,-5.390120
95.730326,-5.387797
96.053921,-5.385476
96.378609,-5.383156
96.704396,-5.380840
97.031283,-5.378524
97.359275,-5.376211
97.688377,-5.373900
98.018590,-5.371591
98.349920,-5.369282
98.682370,-5.366978
99.015943,-5.364673
99.350645,-5.362373
99.686477,-5.360073
100.023445,-5.357689
100.361552,-5.354150
100.700801,-5.350613
101.041198,-5.347077
101.382745,-5.343544
101.725447,-5.340011
102.069307,-5.336481
102.414329,-5.332952
102.760518,-5.329425
103.107876,-5.325899
103.456409,-5.322375
103.806121,-5.318853
104.157014,-5.315333
104.509093,-5.311813
104.862363,-5.308297
105.216826,-5.304781
105.572488,-5.301268
105.929352,-5.297756
106.287423,-5.294246
106.646704,-5.290737
107.007199,-5.287231
107.368913,-5.283726
107.731849,-5.280223
108.096012,-5.276720
108.461407,-5.273221
108.828036,-5.269722
109.195905,-5.266226
109.565017,-5.262731
109.935377,-5.259239
110.306989,-5.255747
110.679857,-5.252258
111.053985,-5.248770
111.429378,-5.245285
111.806040,-5.241800
112.183975,-5.238319
112.563188,-5.234838
112.943683,-5.231360
113.325464,-5.227882
113.708535,-5.224407
114.092901,-5.220933
114.478566,-5.217462
114.865536,-5.213992
115.253813,-5.210525
115.643402,-5.207058
116.034309,-5.203594
116.426537,-5.200131
116.820091,-5.196671
117.214975,-5.193212
117.611193,-5.189755
118.008752,-5.186300
118.407654,-5.182847
118.807904,-5.179394
119.209508,-5.175945
119.612469,-5.172497
120.016792,-5.169051
120.422482,-5.165607
120.829543,-5.162165
121.237980,-5.158725
121.647798,-5.155286
122.059001,-5.151850
122.471594,-5.148415
122.885581,-5.144982
123.300969,-5.141552
123.717760,-5.138122
124.135960,-5.134695
124.555574,-5.131269
124.976606,-5.127846
125.399061,-5.123013
125.822944,-5.118098
126.248261,-5.113185
126.675015,-5.108274
127.103211,-5.103364
127.532855,-5.098456
127.963951,-5.093549
128.396504,-5.088644
128.830520,-5.083741
129.266003,-5.078839
129.702957,-5.073938
130.141389,-5.069039
130.581303,-5.064142
131.022704,-5.059247
131.465596,-5.054352
131.909986,-5.049460
132.355878,-5.044569
132.803278,-5.039681
133.252189,-5.034793
133.702618,-5.029908
134.154570,-5.025023
134.608050,-5.020141
135.063062,-5.015260
135.519612,-5.010381
135.977706,-5.005503
136.437348,-5.000626
136.898544,-4.995752
137.361298,-4.990879
137.825617,-4.986008
138.291506,-4.981139
138.758969,-4.976270
139.228013,-4.971405
139.698642,-4.966540
140.170862,-4.961678
140.644678,-4.956816
141.120096,-4.951957
141.597120,-4.947099
142.075758,-4.942244
142.556013,-4.937389
143.037892,-4.932536
143.521399,-4.927685
144.006541,-4.922836
144.493323,-4.917988
144.981750,-4.913142
145.471828,-4.908298
145.963563,-4.903456
146.456960,-4.898615
146.952025,-4.893776
147.448763,-4.888938
147.947181,-4.884103
148.447283,-4.879269
148.949076,-4.874437
149.452564,-4.869606
149.957755,-4.864777
150.464654,-4.859950
150.973266,-4.855126
151.483597,-4.850302
151.995653,-4.845480
152.509440,-4.840660
153.024964,-4.835842
153.542231,-4.831026
154.061246,-4.826212
154.582015,-4.821398
155.104545,-4.816588
155.628841,-4.811778
156.154909,-4.806971
156.682756,-4.802165
157.212387,-4.797361
157.743808,-4.792559
158.277026,-4.787759
158.812046,-4.782960
159.348874,-4.778163
159.887517,-4.773368
160.427981,-4.768114
160.970272,-4.762741
161.514396,-4.757369
162.060359,-4.751998
162.608167,-4.746629
163.157828,-4.741263
163.709346,-4.735897
164.262729,-4.730534
164.817982,-4.725170
165.375112,-4.719810
165.934126,-4.714451
166.495029,-4.709094
167.057828,-4.703739
167.622529,-4.698385
168.189140,-4.693033
168.757665,-4.687683
169.328113,-4.682334
169.900488,-4.676987
170.474799,-4.671641
171.051050,-4.666298
171.629250,-4.660956
172.209404,-4.655616
172.791519,-4.650276
173.375602,-4.644940
173.961660,-4.639604
174.549698,-4.634271
175.139724,-4.628939
175.731745,-4.623610
176.325766,-4.618281
176.921796,-4.612955
177.519840,-4.607630
178.119906,-4.602307
178.722001,-4.596986
179.326130,-4.591666
179.932302,-4.586348
180.540523,-4.581033
181.150799,-4.575717
181.763139,-4.570405
182.377548,-4.565094
182.994035,-4.559785
183.612605,-4.554478
184.233266,-4.549173
184.856025,-4.543868
185.480890,-4.538567
186.107866,-4.533266
186.736962,-4.527969
187.368184,-4.522671
188.001540,-4.517377
188.637037,-4.512084
189.274682,-4.506793
189.914483,-4.501503
190.556446,-4.496215
191.200580,-4.490929
191.846890,-4.485646
192.495385,-4.480363
193.146073,-4.475084
193.798960,-4.469805
194.454054,-4.464529
195.111362,-4.459253
195.770892,-4.453981
196.432652,-4.448710
197.096648,-4.443441
197.762889,-4.438173
198.431382,-4.432907
199.102135,-4.427643
199.775155,-4.422382
200.450450,-4.416268
201.128028,-4.409731
201.807896,-4.403193
202.490062,-4.396659
203.174534,-4.390124
203.861320,-4.383593
204.550427,-4.377061
205.241864,-4.370532
205.935638,-4.364004
206.631757,-4.357479
207.330230,-4.350954
208.031063,-4.344430
208.734265,-4.337908
209.439845,-4.331388
210.147809,-4.324869
210.858166,-4.318352
211.570925,-4.311837
212.286093,-4.305323
213.003679,-4.298810
213.723690,-4.292299
214.446135,-4.285789
215.171022,-4.279282
215.898359,-4.272775
216.628155,-4.266270
217.360418,-4.259767
218.095156,-4.253264
218.832377,-4.246763
219.572091,-4.240265
220.314305,-4.233768
221.059028,-4.227272
221.806269,-4.220778
222.556035,-4.214286
223.308336,-4.207795
224.063179,-4.201306
224.820575,-4.194818
225.580530,-4.188332
226.343054,-4.181847
227.108156,-4.175364
227.875844,-4.168882
228.646127,-4.162402
229.419014,-4.155923
230.194514,-4.149447
230.972635,-4.142972
231.753386,-4.136499
232.536776,-4.130027
233.322814,-4.123556
234.111510,-4.117088
234.902871,-4.110621
235.696907,-4.104155
236.493628,-4.097692
237.293042,-4.091229
238.095157,-4.084769
238.899985,-4.078310
239.707532,-4.071852
240.517810,-4.065396
241.330826,-4.058942
242.146591,-4.052490
242.965113,-4.046039
243.786402,-4.039590
244.610467,-4.033142
245.437318,-4.026697
246.266964,-4.020253
247.099414,-4.013810
247.934678,-4.007369
248.772765,-4.000930
249.613686,-3.994493
250.457449,-3.987477
251.304064,-3.979974
252.153541,-3.972471
253.005889,-3.964970
253.861119,-3.957470
254.719240,-3.949972
255.580261,-3.942474
256.444192,-3.934978
257.311044,-3.927482
258.180827,-3.919989
259.053549,-3.912496
259.929221,-3.905005
260.807854,-3.897515
261.689456,-3.890026
262.574038,-3.882538
263.461611,-3.875051
264.352184,-3.867566
265.245767,-3.860082
266.142371,-3.852599
267.042005,-3.845117
267.944681,-3.837637
268.850408,-3.830158
269.759196,-3.822680
270.671056,-3.815204
271.585999,-3.807728
272.504035,-3.800255
273.425173,-3.792781
274.349426,-3.785310
275.276802,-3.777839
276.207314,-3.770370
277.140970,-3.762902
278.077783,-3.755435
279.017763,-3.747970
279.960920,-3.740507
280.907265,-3.733043
281.856809,-3.725583
282.809562,-3.718122
283.765536,-3.710663
284.724742,-3.703206
285.687190,-3.695749
286.652891,-3.688294
287.621857,-3.680840
288.594098,-3.673387
289.569626,-3.665936
290.548451,-3.658486
291.530585,-3.651038
292.516038,-3.643589
293.504823,-3.636144
294.496950,-3.628699
295.492431,-3.621255
296.491277,-3.613814
297.493499,-3.606372
298.499109,-3.598933
299.508118,-3.591494
300.520538,-3.584058
301.536380,-3.576622
302.555656,-3.569187
303.578378,-3.561754
304.604556,-3.554323
305.634204,-3.546892
306.667331,-3.539463
307.703951,-3.532035
308.744076,-3.524609
309.787716,-3.517184
310.834883,-3.509760
311.885591,-3.502338
312.939850,-3.494917
313.997673,-3.487497
315.059072,-3.480024
316.124058,-3.471604
317.192644,-3.463185
318.264843,-3.454768
319.340666,-3.446352
320.420125,-3.437937
321.503233,-3.429523
322.590003,-3.421110
323.680446,-3.412699
324.774575,-3.404287
325.872402,-3.395878
326.973941,-3.387470
328.079203,-3.379063
329.188201,-3.370656
330.300948,-3.362251
331.417456,-3.353847
332.537738,-3.345444
333.661807,-3.337041
334.789676,-3.328641
335.921357,-3.320241
337.056864,-3.311843
338.196209,-3.303445
339.339405,-3.295049
340.486466,-3.286654
341.637404,-3.278261
342.792233,-3.269867
343.950965,-3.261476
345.113614,-3.253085
346.280193,-3.244696
347.450715,-3.236307
348.625194,-3.227919
349.803644,-3.219533
350.986076,-3.211148
352.172506,-3.202764
353.362946,-3.194382
354.557410,-3.186000
355.755912,-3.177620
356.958465,-3.169241
358.165083,-3.160863
359.375779,-3.152486
360.590568,-3.144110
361.809464,-3.135735
363.032479,-3.127362
364.259629,-3.118989
365.490927,-3.110618
366.726387,-3.102248
367.966023,-3.093879
369.209850,-3.085511
370.457881,-3.077145
371.710130,-3.068779
372.966613,-3.060416
374.227343,-3.052052
375.492334,-3.043691
376.761602,-3.035330
378.035160,-3.026971
379.313023,-3.018612
380.595205,-3.010255
381.881722,-3.001899
383.172587,-2.993543
384.467816,-2.985190
385.767423,-2.976838
387.071423,-2.968486
388.379831,-2.960136
389.692662,-2.951787
391.009931,-2.943440
392.331652,-2.935094
393.657841,-2.926748
394.988513,-2.918404
396.323683,-2.910061
397.663366,-2.901720
399.007578,-2.893380
400.356333,-2.884872
401.709648,-2.875900
403.067537,-2.866928
404.430016,-2.857957
405.797101,-2.848987
407.168807,-2.840018
408.545150,-2.831050
409.926145,-2.822083
411.311808,-2.813116
412.702156,-2.804151
414.097203,-2.795185
415.496965,-2.786222
416.901459,-2.777258
418.310701,-2.768296
419.724706,-2.759334
421.143492,-2.750372
422.567073,-2.741412
423.995466,-2.732453
425.428687,-2.723495
426.866753,-2.714538
428.309680,-2.705580
429.757485,-2.696625
431.210184,-2.687670
432.667793,-2.678716
434.130329,-2.669763
435.597809,-2.660810
437.070250,-2.651859
438.547668,-2.642908
440.030080,-2.633957
441.517502,-2.625008
443.009953,-2.616060
444.507449,-2.607113
446.010006,-2.598166
447.517643,-2.589221
449.030376,-2.580276
450.548222,-2.571332
452.071199,-2.562389
453.599325,-2.553447
455.132615,-2.544506
456.671089,-2.535565
458.214763,-2.526625
459.763655,-2.517687
461.317783,-2.508748
462.877164,-2.499811
464.441816,-2.490875
466.011757,-2.481940
467.587006,-2.473005
469.167578,-2.464072
470.753494,-2.455139
472.344770,-2.446207
473.941426,-2.437276
475.543478,-2.428346
477.150946,-2.419416
478.763848,-2.410489
480.382202,-2.401561
482.006026,-2.392635
483.635339,-2.383708
485.270160,-2.374783
486.910506,-2.365859
488.556398,-2.356937
490.207853,-2.348014
491.864891,-2.339093
493.527529,-2.330172
495.195788,-2.321253
496.869687,-2.312334
498.549243,-2.303417
500.234477,-2.294412
501.925407,-2.284860
503.622053,-2.275308
505.324434,-2.265758
507.032570,-2.256207
508.746480,-2.246658
510.466183,-2.237109
512.191699,-2.227562
513.923048,-2.218014
515.660250,-2.208468
517.403323,-2.198922
519.152289,-2.189377
520.907167,-2.179832
522.667977,-2.170289
524.434738,-2.160745
526.207472,-2.151203
527.986198,-2.141661
529.770937,-2.132120
531.561709,-2.122579
533.358534,-2.113039
535.161433,-2.103500
536.970426,-2.093962
538.785533,-2.084424
540.606777,-2.074887
542.434177,-2.065351
544.267754,-2.055815
546.107529,-2.046280
547.953522,-2.036745
549.805756,-2.027212
551.664251,-2.017679
553.529028,-2.008147
555.400109,-1.998616
557.277514,-1.989084
559.161266,-1.979554
561.051385,-1.970025
562.947893,-1.960496
564.850812,-1.950968
566.760163,-1.941440
568.675969,-1.931914
570.598250,-1.922388
572.527029,-1.912863
574.462328,-1.903338
576.404169,-1.893815
578.352574,-1.884291
580.307565,-1.874769
582.269164,-1.865247
584.237394,-1.855726
586.212278,-1.846205
588.193837,-1.836686
590.182094,-1.827167
592.177072,-1.817649
594.178794,-1.808131
596.187281,-1.798614
598.202559,-1.789098
600.224648,-1.779583
602.253573,-1.770068
604.289356,-1.760555
606.332020,-1.751041
608.381589,-1.741529
610.438087,-1.732017
612.501536,-1.722505
614.571959,-1.712994
616.649382,-1.703485
618.733827,-1.693976
620.825317,-1.684468
622.923878,-1.674960
625.029532,-1.665454
627.142304,-1.655947
629.262218,-1.646442
631.389297,-1.636131
633.523567,-1.625393
635.665051,-1.614654
637.813774,-1.603917
639.969760,-1.593179
642.133035,-1.582442
644.303621,-1.571705
646.481545,-1.560970
648.666830,-1.550234
650.859503,-1.539500
653.059587,-1.528765
655.267109,-1.518032
657.482092,-1.507299
659.704562,-1.496566
661.934546,-1.485834
664.172067,-1.475103
666.417151,-1.464372
668.669825,-1.453642
670.930113,-1.442911
673.198041,-1.432182
675.473636,-1.421453
677.756923,-1.410725
680.047928,-1.399997
682.346677,-1.389270
684.653197,-1.378543
686.967513,-1.367817
689.289653,-1.357092
691.619642,-1.346367
693.957507,-1.335642
696.303274,-1.324919
698.656971,-1.314195
701.018624,-1.303473
703.388260,-1.292749
705.765906,-1.282028
708.151589,-1.271307
710.545337,-1.260586
712.947175,-1.249866
715.357133,-1.239147
717.775237,-1.228427
720.201515,-1.217709
722.635995,-1.206991
725.078704,-1.196274
727.529669,-1.185557
729.988920,-1.174841
732.456484,-1.164125
734.932388,-1.153410
737.416662,-1.142695
739.909333,-1.131981
742.410431,-1.121267
744.919982,-1.110554
747.438017,-1.099842
749.964564,-1.089130
752.499650,-1.078419
755.043306,-1.067708
757.595561,-1.056998
760.156442,-1.046288
762.725980,-1.035579
765.304204,-1.024871
767.891143,-1.014163
770.486827,-1.003456
773.091285,-0.992748
775.704546,-0.982042
778.326641,-0.971336
780.957599,-0.960631
783.597451,-0.949927
786.246226,-0.939223
788.903955,-0.928519
791.570668,-0.917817
794.246395,-0.907114
796.931166,-0.896413
799.625013,-0.885711
802.327966,-0.872662
805.040055,-0.859233
807.761312,-0.845805
810.491768,-0.832376
813.231454,-0.818948
815.980400,-0.805519
818.738638,-0.792092
821.506200,-0.778663
824.283118,-0.765236
827.069422,-0.751808
829.865144,-0.738381
832.670317,-0.724953
835.484972,-0.711526
838.309141,-0.698098
841.142857,-0.684671
843.986151,-0.671243
846.839057,-0.657817
849.701606,-0.644389
852.573832,-0.630962
855.455766,-0.617535
858.347442,-0.604108
861.248893,-0.590682
864.160151,-0.577255
867.081251,-0.563829
870.012224,-0.550403
872.953105,-0.536976
875.903927,-0.523550
878.864723,-0.510124
881.835528,-0.496698
884.816375,-0.483272
887.807298,-0.469847
890.808331,-0.456420
893.819509,-0.442994
896.840865,-0.429569
899.872434,-0.416143
902.914251,-0.402718
905.966350,-0.389293
909.028765,-0.375867
912.101533,-0.362443
915.184687,-0.349017
918.278264,-0.335593
921.382297,-0.322168
924.496823,-0.308744
927.621877,-0.295319
930.757494,-0.281894
933.903711,-0.268469
937.060563,-0.255045
940.228086,-0.241620
943.406316,-0.228197
946.595289,-0.214772
949.795041,-0.201349
953.005610,-0.187925
956.227032,-0.174501
959.459342,-0.161077
962.702579,-0.147654
965.956779,-0.134230
969.221979,-0.120807
972.498216,-0.107384
975.785528,-0.093961
979.083952,-0.080536
982.393525,-0.067114
985.714286,-0.053691
989.046272,-0.040268
992.389521,-0.026845
995.744070,-0.013423
999.109960,0.000000
1002.487227,-0.040969
1005.875909,-0.089910
1009.276047,-0.138293
1012.687678,-0.186125
1016.110841,-0.233405
1019.545576,-0.280138
1022.991921,-0.326328
1026.449915,-0.371976
1029.919599,-0.417087
1033.401010,-0.461664
1036.894190,-0.505711
1040.399178,-0.549231
1043.916014,-0.592227
1047.444738,-0.634704
1050.985389,-0.676666
1054.538010,-0.718116
1058.102638,-0.759059
1061.679317,-0.799496
1065.268085,-0.839435
1068.868985,-0.878878
1072.482056,-0.917829
1076.107341,-0.956294
1079.744880,-0.994275
1083.394715,-1.031778
1087.056888,-1.068807
1090.731439,-1.105366
1094.418412,-1.141460
1098.117848,-1.177093
1101.829789,-1.212270
1105.554277,-1.246996
1109.291355,-1.281274
1113.041065,-1.315110
1116.803450,-1.348510
1120.578554,-1.381476
1124.366418,-1.414014
1128.167086,-1.446128
1131.980601,-1.477824
1135.807007,-1.509107
1139.646348,-1.539980
1143.498667,-1.570451
1147.364007,-1.600522
1151.242413,-1.630199
1155.133930,-1.659488
1159.038601,-1.688392
1162.956470,-1.716916
1166.887583,-1.745067
1170.831985,-1.772848
1174.789719,-1.800265
1178.760832,-1.827323
1182.745368,-1.854025
1186.743374,-1.880380
1190.754893,-1.906389
1194.779972,-1.932060
1198.818658,-1.957395
1202.870995,-1.982401
1206.937030,-2.007084
1211.016810,-2.031445
1215.110380,-2.055494
1219.217788,-2.079231
1223.339080,-2.102663
1227.474303,-2.125797
1231.623504,-2.148635
1235.786731,-2.171182
1239.964030,-2.193446
1244.155450,-2.215428
1248.361038,-2.237135
1252.580842,-2.246737
1256.814911,-2.248546
1261.063291,-2.250097
1265.326032,-2.251391
1269.603183,-2.252434
1273.894791,-2.253231
1278.200906,-2.253787
1282.521578,-2.254107
1286.856854,-2.254193
1291.206784,-2.254052
1295.571419,-2.253688
1299.950807,-2.253106
1304.344999,-2.252309
1308.754044,-2.251304
1313.177993,-2.250092
1317.616897,-2.248680
1322.070805,-2.247071
1326.539768,-2.245272
1331.023838,-2.243283
1335.523065,-2.241112
1340.037501,-2.238761
1344.567197,-2.236235
1349.112204,-2.233538
1353.672575,-2.230674
1358.248361,-2.227647
1362.839614,-2.224462
1367.446388,-2.221122
1372.068733,-2.217632
1376.706703,-2.213994
1381.360351,-2.210214
1386.029730,-2.206295
1390.714892,-2.202242
1395.415891,-2.198056
1400.132781,-2.193743
1404.865616,-2.189306
1409.614448,-2.184751
1414.379333,-2.180077
1419.160325,-2.175290
1423.957478,-2.170396
1428.770846,-2.165395
1433.600485,-2.160291
1438.446450,-2.155089
1443.308795,-2.149792
1448.187576,-2.144402
1453.082849,-2.138925
1457.994669,-2.133362
1462.923093,-2.127716
1467.868176,-2.121992
1472.829974,-2.116192
1477.808545,-2.110320
1482.803945,-2.104378
1487.816231,-2.098372
1492.845459,-2.092301
1497.891688,-2.086171
1502.954975,-2.079982
1508.035376,-2.073739
1513.132951,-2.067447
1518.247757,-2.061105
1523.379853,-2.054719
1528.529297,-2.048288
1533.696147,-2.041818
1538.880462,-2.035311
1544.082302,-2.028769
1549.301725,-2.022196
1554.538792,-2.015594
1559.793561,-2.008964
1565.066093,-2.002311
1570.356447,-1.995636
1575.664684,-1.988942
1580.990865,-1.982233
1586.335050,-1.975508
1591.697299,-1.968772
1597.077674,-1.962026
1602.476237,-1.925297
1607.893048,-1.853125
1613.328169,-1.780951
1618.781662,-1.708777
1624.253590,-1.636603
1629.744015,-1.564435
1635.252998,-1.492274
1640.780604,-1.420121
1646.326894,-1.347980
1651.891933,-1.275850
1657.475782,-1.203735
1663.078507,-1.131639
1668.700170,-1.059560
1674.340836,-0.987502
1680.000570,-0.915469
1685.679434,-0.843459
1691.377495,-0.771476
1697.094817,-0.699522
1702.831465,-0.627598
1708.587504,-0.555707
1714.363000,-0.483849
1720.158019,-0.412027
1725.972627,-0.340243
1731.806890,-0.268497
1737.660874,-0.196794
1743.534647,-0.125132
1749.428274,-0.053515
1755.341823,0.018055
1761.275362,0.089580
1767.228958,0.161054
1773.202679,0.232478
1779.196592,0.303850
1785.210766,0.375167
1791.245271,0.446429
1797.300173,0.517634
1803.375542,0.588782
1809.471448,0.659871
1815.587960,0.730897
1821.725148,0.801861
1827.883080,0.872760
1834.061829,0.943596
1840.261463,1.014365
1846.482053,1.085065
1852.723671,1.155697
1858.986387,1.226258
1865.270273,1.296747
1871.575401,1.367164
1877.901841,1.437505
1884.249666,1.507772
1890.618949,1.577962
1897.009762,1.648073
1903.422177,1.718106
1909.856269,1.788058
1916.312109,1.857929
1922.789772,1.927718
1929.289331,1.997422
1935.810860,2.067042
1942.354434,2.136576
1948.920127,2.206024
1955.508013,2.275384
1962.118169,2.344653
1968.750669,2.413834
1975.405588,2.482924
1982.083003,2.551920
1988.782990,2.620824
1995.505624,2.689634
2002.250983,2.756024
2009.019142,2.817668
2015.810180,2.879214
2022.624174,2.940662
2029.461201,3.002011
2036.321338,3.063261
2043.204665,3.124410
2050.111260,3.185457
2057.041201,3.246401
2063.994566,3.307242
2070.971436,3.367979
2077.971890,3.428611
2084.996008,3.489135
2092.043868,3.549554
2099.115553,3.609865
2106.211141,3.670067
2113.330715,3.730161
2120.474355,3.790144
2127.642142,3.850017
2134.834159,3.909778
2142.050486,3.969426
2149.291207,4.028960
2156.556403,4.088381
2163.846158,4.147688
2171.160554,4.206879
2178.499674,4.265954
2185.863603,4.324912
2193.252424,4.383751
2200.666221,4.442474
2208.105079,4.501078
2215.569083,4.559560
2223.058316,4.617924
2230.572866,4.676166
2238.112816,4.734285
2245.678254,4.792283
2253.269265,4.850157
2260.885936,4.907909
2268.528353,4.965536
2276.196603,5.023035
2283.890775,5.080411
2291.610955,5.137660
2299.357231,5.194783
2307.129692,5.251778
2314.928425,5.308643
2322.753521,5.365381
2330.605068,5.421988
2338.483155,5.478466
2346.387872,5.534813
2354.319309,5.591028
2362.277557,5.647112
2370.262705,5.703064
2378.274846,5.758881
2386.314070,5.814566
2394.380469,5.870115
2402.474134,5.925531
2410.595159,5.980810
2418.743634,6.035954
2426.919654,6.090961
2435.123311,6.145831
2443.354698,6.200562
2451.613910,6.255157
2459.901040,6.309611
2468.216183,6.363926
2476.559434,6.418101
2484.930886,6.472136
2493.330637,6.526031
2501.758781,6.574425
2510.215415,6.602337
2518.700635,6.630104
2527.214536,6.657729
2535.757218,6.685209
2544.328775,6.712545
2552.929307,6.739736
2561.558912,6.766783
2570.217686,6.793683
2578.905730,6.820436
2587.623141,6.847042
2596.370020,6.873501
2605.146466,6.899811
2613.952579,6.925973
2622.788458,6.951986
2631.654206,6.977848
2640.549922,7.003562
2649.475708,7.029124
2658.431665,7.054534
2667.417896,7.079793
2676.434504,7.104900
2685.481589,7.129852
2694.559257,7.154652
2703.667609,7.179298
2712.806750,7.203789
2721.976784,7.228126
2731.177815,7.252306
2740.409949,7.276331
2749.673289,7.300198
2758.967942,7.323909
2768.294013,7.347463
2777.651610,7.370857
2787.040837,7.394093
2796.461803,7.417170
2805.914614,7.440086
2815.399378,7.462843
2824.916203,7.485438
2834.465198,7.507872
2844.046471,7.530144
2853.660131,7.552253
2863.306289,7.574200
2872.985052,7.595981
2882.696533,7.617600
2892.440841,7.639054
2902.218088,7.660342
2912.028384,7.681465
2921.871842,7.702421
2931.748574,7.723209
2941.658692,7.743831
2951.602308,7.764283
2961.579537,7.784568
2971.590491,7.804684
2981.635286,7.824629
2991.714034,7.844405
3001.826851,7.864009
3011.973853,7.883441
3022.155154,7.902702
3032.370871,7.921789
3042.621120,7.940705
3052.906017,7.959444
3063.225680,7.978011
3073.580227,7.996403
3083.969774,8.014617
3094.394441,8.032657
3104.854347,8.050518
3115.349610,8.068204
3125.880349,8.085711
3136.446686,8.103039
3147.048739,8.120187
3157.686631,8.114065
3168.360481,8.098881
3179.070412,8.083517
3189.816546,8.067970
3200.599004,8.052240
3211.417911,8.036328
3222.273388,8.020231
3233.165559,8.003951
3244.094549,7.987485
3255.060482,7.970833
3266.063483,7.953995
3277.103677,7.936970
3288.181190,7.919756
3299.296148,7.902354
3310.448678,7.884764
3321.638906,7.866984
3332.866960,7.849012
3344.132969,7.830851
3355.437059,7.812496
3366.779361,7.793949
3378.160002,7.775208
3389.579113,7.756274
3401.036824,7.737145
3412.533265,7.717820
3424.068568,7.698298
3435.642862,7.678580
3447.256281,7.658663
3458.908957,7.638549
3470.601022,7.618235
3482.332609,7.597721
3494.103853,7.577006
3505.914886,7.556088
3517.765844,7.534970
3529.656861,7.513648
3541.588074,7.492120
3553.559617,7.470390
3565.571627,7.448453
3577.624241,7.426309
3589.717596,7.403958
3601.851830,7.381399
3614.027082,7.358631
3626.243488,7.335653
3638.501190,7.312463
3650.800326,7.289063
3663.141037,7.265449
3675.523462,7.241624
3687.947744,7.217583
3700.414023,7.193326
3712.922442,7.168854
3725.473142,7.144164
3738.066267,7.119257
3750.701961,7.094131
3763.380366,7.068784
3776.101629,7.043218
3788.865892,7.017429
3801.673302,6.991417
3814.524005,6.965182
3827.418147,6.938721
3840.355874,6.912034
3853.337335,6.885121
3866.362676,6.857980
3879.432047,6.830610
3892.545596,6.803010
3905.703472,6.775179
3918.905825,6.747115
3932.152806,6.718819
3945.444566,6.690288
3958.781255,6.661522
3972.163026,6.632518
3985.590031,6.603279
3999.062423,6.573803
4012.580355,6.514853
4026.143982,6.453709
4039.753458,6.392563
4053.408937,6.331418
4067.110575,6.270272
4080.858529,6.209128
4094.652955,6.147983
4108.494010,6.086837
4122.381851,6.025692
4136.316637,5.964546
4150.298526,5.903401
4164.327678,5.842256
4178.404253,5.781110
4192.528410,5.719965
4206.700311,5.658819
4220.920116,5.597675
4235.187989,5.536530
4249.504091,5.475384
4263.868585,5.414239
4278.281635,5.353094
4292.743405,5.291948
4307.254060,5.230803
4321.813765,5.169657
4336.422686,5.108512
4351.080989,5.047367
4365.788841,4.986221
4380.546410,4.925076
4395.353863,4.863929
4410.211370,4.802784
4425.119099,4.741640
4440.077220,4.680494
4455.085904,4.619349
4470.145321,4.558202
4485.255644,4.497057
4500.417043,4.435912
4515.629692,4.374766
4530.893764,4.313620
4546.209433,4.252475
4561.576873,4.191329
4576.996259,4.130183
4592.467767,4.069037
4607.991573,4.007891
4623.567853,3.946746
4639.196786,3.885601
4654.878549,3.824455
4670.613321,3.763309
4686.401280,3.702163
4702.242607,3.641018
4718.137482,3.579871
4734.086086,3.518726
4750.088601,3.457579
4766.145209,3.396434
4782.256092,3.335288
4798.421435,3.274142
4814.641421,3.212996
4830.916235,3.151851
4847.246062,3.090704
4863.631089,3.029560
4880.071501,2.968413
4896.567487,2.907267
4913.119234,2.846122
4929.726930,2.784975
4946.390765,2.723829
4963.110928,2.662683
4979.887610,2.601537
4996.721001,2.540391
5013.611294,2.460271
5030.558681,2.375573
5047.563355,2.290876
5064.625510,2.206179
5081.745339,2.121484
5098.923037,2.036789
5116.158802,1.952095
5133.452827,1.867402
5150.805312,1.782708
5168.216452,1.698016
5185.686447,1.613324
5203.215496,1.528633
5220.803797,1.443943
5238.451552,1.359253
5256.158961,1.274564
5273.926226,1.189875
5291.753549,1.105188
5309.641133,1.020501
5327.589183,0.935815
5345.597901,0.851130
5363.667495,0.766445
5381.798168,0.681760
5399.990128,0.597077
5418.243582,0.512393
5436.558737,0.427711
5454.935803,0.343030
5473.374989,0.258348
5491.876503,0.173668
5510.440559,0.088988
5529.067365,0.004309
5547.757136,-0.080369
5566.510083,-0.165048
5585.326420,-0.249723
5604.206362,-0.334400
5623.150123,-0.419076
5642.157919,-0.503751
5661.229966,-0.588426
5680.366483,-0.673099
5699.567686,-0.757772
5718.833794,-0.842445
5738.165028,-0.927116
5757.561606,-1.011788
5777.023750,-1.096458
5796.551681,-1.181128
5816.145622,-1.265798
5835.805796,-1.350466
5855.532427,-1.435134
5875.325740,-1.519801
5895.185959,-1.604467
5915.113311,-1.689134
5935.108023,-1.773798
5955.170323,-1.858464
5975.300438,-1.943128
5995.498600,-2.027791
6015.765036,-2.112454
6036.099979,-2.197116
6056.503659,-2.281777
6076.976309,-2.366438
6097.518163,-2.451098
6118.129454,-2.535758
6138.810416,-2.620416
6159.561286,-2.705074
6180.382300,-2.789732
6201.273694,-2.874389
6222.235707,-2.959046
6243.268578,-3.043701
6264.372545,-3.128356
6285.547849,-3.213011
6306.794732,-3.293662
6328.113435,-3.365786
6349.504202,-3.437904
6370.967275,-3.510018
6392.502899,-3.582129
6414.111319,-3.654235
6435.792782,-3.726336
6457.547534,-3.798435
6479.375823,-3.870529
6501.277898,-3.942619
6523.254008,-4.014705
6545.304403,-4.086786
6567.429334,-4.158865
6589.629054,-4.230938
6611.903815,-4.303008
6634.253871,-4.375074
6656.679476,-4.447135
6679.180886,-4.519193
6701.758357,-4.591246
6724.412146,-4.663296
6747.142511,-4.735340
6769.949711,-4.807382
6792.834006,-4.879420
6815.795656,-4.951453
6838.834922,-5.023482
6861.952068,-5.095508
6885.147355,-5.167529
6908.421050,-5.239547
6931.773416,-5.311561
6955.204719,-5.383570
6978.715226,-5.455576
7002.305206,-5.527577
7025.974926,-5.599576
7049.724656,-5.671569
7073.554667,-5.743558
7097.465230,-5.815544
7121.456617,-5.887526
7145.529102,-5.959505
7169.682958,-6.031478
7193.918461,-6.103448
7218.235887,-6.175415
7242.635512,-6.247377
7267.117615,-6.319336
7291.682474,-6.391291
7316.330369,-6.463241
7341.061581,-6.535189
7365.876391,-6.607131
7390.775082,-6.679070
7415.757937,-6.751005
7440.825241,-6.822936
7465.977280,-6.894864
7491.214339,-6.966788
7516.536707,-7.038707
7541.944671,-7.110624
7567.438521,-7.182536
7593.018548,-7.254445
7618.685041,-7.326349
7644.438295,-7.398249
7670.278602,-7.470147
7696.206256,-7.542040
7722.221553,-7.613929
7748.324789,-7.685815
7774.516260,-7.757695
7800.796267,-7.829574
7827.165106,-7.901448
7853.623080,-7.973318
7880.170489,-8.045185
7906.807636,-8.117047
7933.534823,-8.188907
7960.352356,-8.260762
7987.260539,-8.332613
8014.259680,-8.374650
8041.350085,-8.389993
8068.532062,-8.405321
8095.805923,-8.420632
8123.171977,-8.435926
8150.630535,-8.451205
8178.181911,-8.466468
8205.826418,-8.481715
8233.564372,-8.496947
8261.396087,-8.512162
8289.321881,-8.527362
8317.342072,-8.542545
8345.456979,-8.557712
8373.666922,-8.572865
8401.972222,-8.588001
8430.373202,-8.603123
8458.870186,-8.618228
8487.463497,-8.633317
8516.153461,-8.648390
8544.940405,-8.663449
8573.824657,-8.678491
8602.806546,-8.693520
8631.886401,-8.708532
8661.064554,-8.723530
8690.341338,-8.738511
8719.717085,-8.753477
8749.192130,-8.768429
8778.766809,-8.783365
8808.441459,-8.798286
8838.216417,-8.813192
8868.092023,-8.828082
8898.068616,-8.842959
8928.146539,-8.857818
8958.326133,-8.872665
8988.607743,-8.887495
9018.991712,-8.902311
9049.478388,-8.917113
9080.068118,-8.931899
9110.761249,-8.946670
9141.558131,-8.961428
9172.459115,-8.976170
9203.464553,-8.990898
9234.574798,-9.005611
9265.790204,-9.020309
9297.111127,-9.034994
9328.537923,-9.049663
9360.070950,-9.064318
9391.710568,-9.078958
9423.457136,-9.093584
9455.311017,-9.108197
9487.272572,-9.122794
9519.342166,-9.137378
9551.520165,-9.151947
9583.806934,-9.166501
9616.202840,-9.181043
9648.708255,-9.195569
9681.323546,-9.210081
9714.049086,-9.224580
9746.885247,-9.239064
9779.832404,-9.253535
9812.890931,-9.267991
9846.061205,-9.282433
9879.343603,-9.296862
9912.738505,-9.311277
9946.246292,-9.325678
9979.867343,-9.340065
10013.602040,-9.312935
10047.450780,-9.224244
10081.413930,-9.135518
10115.491880,-9.046759
10149.685030,-8.957966
10183.993760,-8.869139
10218.418470,-8.780280
10252.959540,-8.691387
10287.617360,-8.602459
10322.392340,-8.513501
10357.284870,-8.424509
10392.295350,-8.335486
10427.424170,-8.246428
10462.671730,-8.157339
10498.038440,-8.068218
10533.524710,-7.979064
10569.130920,-7.889880
10604.857490,-7.800662
10640.704830,-7.711413
10676.673350,-7.622133
10712.763440,-7.532820
10748.975530,-7.443478
10785.310030,-7.354102
10821.767350,-7.264696
10858.347900,-7.175260
10895.052110,-7.085792
10931.880390,-6.996293
10968.833150,-6.906765
11005.910830,-6.817206
11043.113840,-6.727617
11080.442610,-6.637997
11117.897550,-6.548347
11155.479110,-6.458668
11193.187700,-6.368958
11231.023760,-6.279220
11268.987710,-6.189450
11307.079990,-6.099651
11345.301040,-6.009824
11383.651280,-5.919966
11422.131160,-5.830081
11460.741110,-5.740165
11499.481570,-5.650221
11538.352980,-5.560249
11577.355790,-5.470247
11616.490440,-5.380217
11655.757380,-5.290159
11695.157050,-5.200071
11734.689900,-5.109957
11774.356390,-5.019814
11814.156950,-4.929642
11854.092060,-4.839443
11894.162150,-4.749215
11934.367700,-4.658962
11974.709150,-4.568679
12015.186960,-4.478369
12055.801600,-4.388033
12096.553530,-4.297669
12137.443220,-4.207278
12178.471120,-4.116859
12219.637700,-4.026414
12260.943440,-3.935942
12302.388810,-3.845443
12343.974270,-3.754917
12385.700310,-3.664365
12427.567380,-3.573787
12469.575980,-3.483183
12511.726590,-3.420854
12554.019670,-3.432069
12596.455710,-3.443285
12639.035200,-3.454500
12681.758620,-3.465716
12724.626460,-3.476931
12767.639200,-3.488146
12810.797340,-3.499362
12854.101360,-3.510577
12897.551760,-3.521793
12941.149040,-3.533008
12984.893690,-3.544222
13028.786200,-3.555438
13072.827090,-3.566653
13117.016850,-3.577868
13161.355980,-3.589084
13205.844980,-3.600299
13250.484380,-3.611515
13295.274660,-3.622730
13340.216350,-3.633945
13385.309960,-3.645161
13430.555990,-3.656376
13475.954970,-3.667592
13521.507410,-3.678807
13567.213830,-3.690022
13613.074750,-3.701237
13659.090690,-3.712452
13705.262180,-3.723668
13751.589740,-3.734883
13798.073900,-3.746098
13844.715190,-3.757314
13891.514140,-3.768529
13938.471280,-3.779744
13985.587160,-3.790960
14032.862290,-3.802175
14080.297230,-3.813391
14127.892510,-3.824606
14175.648680,-3.835821
14223.566280,-3.847037
14271.645850,-3.858251
14319.887940,-3.869467
14368.293110,-3.880682
14416.861900,-3.891897
14465.594860,-3.903113
14514.492550,-3.914328
14563.555540,-3.925543
14612.784370,-3.936759
14662.179600,-3.947974
14711.741810,-3.959190
14761.471550,-3.970405
14811.369390,-3.981620
14861.435890,-3.992836
14911.671640,-4.004051
14962.077200,-4.015266
15012.653140,-4.026481
15063.400040,-4.037696
15114.318480,-4.048912
15165.409040,-4.060127
15216.672300,-4.071343
15268.108840,-4.082558
15319.719260,-4.093773
15371.504130,-4.104989
15423.464040,-4.116204
15475.599600,-4.127419
15527.911390,-4.138635
15580.400010,-4.149850
15633.066050,-4.161066
15685.910120,-4.172280
15738.932810,-4.183495
15792.134740,-4.194711
15845.516510,-4.205926
15899.078720,-4.217142
15952.821980,-4.228357
16006.746910,-4.239572
16060.854130,-4.250788
16115.144240,-4.262003
16169.617860,-4.273219
16224.275620,-4.284434
16279.118140,-4.295649
16334.146050,-4.306865
16389.359960,-4.318080
16444.760510,-4.329294
16500.348330,-4.340510
16556.124050,-4.351725
16612.088310,-4.362941
16668.241740,-4.374156
16724.584990,-4.385371
16781.118690,-4.396587
16837.843500,-4.407802
16894.760050,-4.419018
16951.868990,-4.430233
17009.170970,-4.441448
17066.666660,-4.452664
17124.356690,-4.463879
17182.241730,-4.475095
17240.322440,-4.486309
17298.599480,-4.497524
17357.073510,-4.508740
17415.745200,-4.519955
17474.615210,-4.531170
17533.684230,-4.542386
17592.952910,-4.553601
17652.421930,-4.564817
17712.091980,-4.576032
17771.963730,-4.587247
17832.037860,-4.598463
17892.315060,-4.609678
17952.796010,-4.620894
18013.481410,-4.632109
18074.371940,-4.643323
18135.468290,-4.654539
18196.771170,-4.665754
18258.281270,-4.676970
18319.999290,-4.688185
18381.925930,-4.699400
18444.061900,-4.710616
18506.407910,-4.721831
18568.964670,-4.733046
18631.732880,-4.744262
18694.713270,-4.755477
18757.906550,-4.766693
18821.313440,-4.777908
18884.934660,-4.789122
18948.770940,-4.800338
19012.823010,-4.811553
19077.091590,-4.822769
19141.577410,-4.833984
19206.281210,-4.845199
19271.203730,-4.856415
19336.345710,-4.867630
19401.707880,-4.878846
19467.291000,-4.890061
19533.095810,-4.901276
19599.123050,-4.912492
19665.373480,-4.923707
19731.847860,-4.934922
19798.546940,-4.946137
19865.471480,-4.957352
19932.622250,-4.968568
20000.000000,-4.979783
